Cafe,Area,City,Address,INR for 2 (approx),foodScore,mustOrder,foodNote,Wi-Fi,Work score (1-10),Noise,Sockets,Best for,Laptop tolerance,Recommended working duration,Best time to work,Evidence basis,Confidence,Source 1,Source 2,Last verified
Chelvies Coffee - M Block,Connaught Place,New Delhi,"M-6, Connaught Place, New Delhi 110001",1400,8,Mango Tres Leches; rose latte,Strong specialty drinks and a broad café menu; desserts are the safer food bet.,Yes,9,Moderate,Plenty,Deep work; long sessions,High,3-5 hours,Weekdays 9 AM-1 PM,"Fast Wi-Fi, many sockets and comfortable seating are directly reported; work score is editorial judgment.",High,https://chelviescoffee.com/store-locator/delhi/chelvies-coffee-connaught-place-delhi,https://placesoflinda.com/best-places-to-work-in-delhi/,2026-08-12
Third Wave Coffee - E Block,Connaught Place,New Delhi,"Shop 11, E Block, Mezzanine Floor, Connaught Place, New Delhi 110001",850,7,Sea Salt Mocha; butter croissant,Reliable coffee and bakery pairings; choose it for beverages and light bites rather than a full meal.,Yes,7,Lively,Some,Short work sessions; casual meetings,Medium,1-3 hours,Weekdays before 12 PM,Official outlet page verifies branch; chain-level Wi-Fi and socket evidence is applied cautiously to this busy outlet.,Medium,https://stores.thirdwavecoffeeroasters.com/store-pages/third-wave-coffee-e-block-connaught-place-new-delhi/,https://lbb.in/delhi/free-wifi-cafes-delhi-ncr/,2026-08-12
Cha Bar - Oxford Bookstore,Connaught Place,New Delhi,"Upper Ground Floor, Dr Gopal Das Bhawan, 28 Barakhamba Road, New Delhi 110001",400,7,Masala Cha; smoked chicken pasta,"Excellent tea variety and fair-value café food, though execution can be less consistent than the drinks.",Yes,8,Quiet,Limited,Reading; study; solo work,High,2-4 hours,Weekdays 10 AM-1 PM,"Listing identifies Wi-Fi, quieter environment and work friendliness; sockets are not consistently documented.",High,https://www.zomato.com/ncr/cha-bar-connaught-place-new-delhi,https://www.eazydiner.com/delhi-ncr/cha-bar-connaught-place-110100,2026-08-12
AMA Cafe,Majnu Ka Tila,New Delhi,"House 6, New Colony, Majnu Ka Tila, New Delhi 110054",900,9,Pancake breakfast; choco-walnut brownie,"A standout for generous breakfast plates, bakery items and value; queues can affect the experience.",Yes,7,Lively at peak,Limited,Early breakfast; study,Medium,2-3 hours,Weekdays 7:30-10:30 AM,Smooth Wi-Fi and early opening are directly reported; popularity makes peak-period noise and seating less suitable for long work.,High,https://lbb.in/delhi/free-wifi-cafes-delhi-ncr/,https://seamlesssocials.in/blogs/food-cafe-experiences/best-cafes-in-delhi-for-work-chill-the-2026-guide-to-productivity-vibes,2026-08-12
Cafeteria & Co.,Hudson Lane,New Delhi,"G-14, Hudson Lane, Vijay Nagar, New Delhi 110009",1000,9,Chicken creamy peri-peri pasta; Tropical Heaven sundae,"Large multi-cuisine menu with well-liked pastas, grills and desserts; portions suit sharing.",Yes,7,Moderate,Some,Group work; casual meetings,Medium,2-3 hours,Weekdays 11:30 AM-1 PM,"Current listing identifies Wi-Fi, less-noisy setting and work friendliness; socket availability is an editorial estimate.",High,https://www.zomato.com/ncr/cafeteria-co-vijay-nagar-new-delhi,https://laptopfriendly.co/delhi,2026-08-12
Third Wave Coffee - GK2,Greater Kailash 2,New Delhi,"M-44, M Block Market, Greater Kailash II, New Delhi 110048",850,7,Sea Salt Mocha; butter croissant,Reliable coffee and bakery pairings; choose it for beverages and light bites rather than a full meal.,Yes,8,Moderate,Some,Focused work; coffee meetings,High,2-4 hours,Weekdays 8-11 AM,Official page and outlet review text confirm laptop work and free Wi-Fi; the broader work guide reports mindfully placed sockets.,High,https://stores.thirdwavecoffeeroasters.com/store-pages/third-wave-coffee-greater-kailash-2-new-delhi/,https://seamlesssocials.in/blogs/food-cafe-experiences/best-cafes-in-delhi-for-work-chill-the-2026-guide-to-productivity-vibes,2026-08-12
Blu Turkey Cafe,Greater Kailash 1,New Delhi,"C-30, Ground Floor, Greater Kailash 1, New Delhi 110048",950,8,Creamy cheese-sauce pasta; chocolate-cinnamon waffle,"Comfort-led café menu with popular pasta, sandwiches and waffles; richer dishes are the main draw.",Yes,9,Quiet,Some,Deep work; client meetings,High,3-5 hours,Weekdays 9:30 AM-2 PM,"Cafe states it is laptop-friendly with fast Wi-Fi, calm ambience and charging at select seats; price is from a current dining listing.",High,https://bluturkeycafe.com/blog/best-work-friendly-cafe-gk1-wifi-great-coffee,https://www.zomato.com/ncr/blu-turkey-cafe-greater-kailash-gk-1-new-delhi,2026-08-12
Getafix - Kailash Colony,Greater Kailash 1,New Delhi,"HS-17, Ground Floor, Kailash Colony Market, New Delhi 110048",1500,9,Soba noodles; sugarless brownie,"One of the strongest healthy-food menus here, with good vegan and gluten-conscious options.",Yes,8,Moderate,Some,Healthy brunch; focused work,High,2-4 hours,Weekdays 9 AM-12 PM,Free Wi-Fi and work-friendly positioning are reported; current price and branch are verified by dining listings.,High,https://www.zomato.com/ncr/getafix-kailash-colony-new-delhi,https://lbb.in/delhi/free-wifi-cafes-delhi-ncr/,2026-08-12
Cultured Cafe,Safdarjung / Humayunpur,New Delhi,"House 168, 2nd Floor, Humayunpur, near NCC Gate, New Delhi 110029",2000,9,Basque cheesecake; Cultured on a Toast,Brunch and desserts are the highlights; premium pricing is offset by distinctive bakery execution.,Yes,8,Quiet,Some,Deep work; creative work,High,2-4 hours,Weekdays 10:30 AM-1 PM,"Current listings explicitly identify Wi-Fi, less-noisy atmosphere and work friendliness; power points are reported in work-cafe coverage.",High,https://www.zomato.com/ncr/cultured-cafe-safdarjung-new-delhi,https://www.district.in/dining/ncr/cultured-cafe-safdarjung-new-delhi,2026-08-12
Greenr Cafe - Vasant Vihar,Vasant Vihar,New Delhi,"4, Basant Lok, Vasant Vihar, New Delhi 110057",2200,9,Sweet-potato fries; pesto pasta,Excellent vegetarian and vegan food with inventive global flavours; prices are on the higher side.,Yes,8,Quiet,Some,Creative work; quiet meetings,High,2-4 hours,Weekdays 12:30-3 PM,"Current listing identifies Wi-Fi, less noise and work friendliness; charging points are reported in visitor coverage.",High,https://www.zomato.com/ncr/greenr-cafe-vasant-vihar-new-delhi,https://lbb.in/delhi/dog-friendly-cafes-delhi/,2026-08-12
Rose Cafe,Eldeco Centre / Malviya Nagar,New Delhi,"G6R & G7R1, Ground Floor, Eldeco Centre, near Malviya Nagar Metro, New Delhi",2200,8,Skinny pizza; dark-chocolate sea-salt caramel cake,"Pretty setting backed by solid pizzas and desserts, although recent opinions on consistency are mixed.",Yes,6,Lively,Limited,Dates; short creative sessions,Low,1-2 hours,Weekdays 12-2 PM,The relocated branch and Wi-Fi are current; work guide warns that crowding makes stays beyond two hours unsuitable.,High,https://www.zomato.com/ncr/rose-cafe-malviya-nagar-new-delhi,https://lbb.in/delhi/free-wifi-cafes-delhi-ncr/,2026-08-12
Cafe Dori,Dhan Mill / Chhatarpur,New Delhi,"Nappa Dori Warehouse, Dhan Mill Compound, 100 Feet Road, Chhatarpur, New Delhi 110074",2000,8,Biscoff shake; butter croissant,European-style café fare and bakery items complement the design-led setting; beverages are especially dependable.,Yes,7,Moderate,Some,Creative work; pet-friendly meetings,Medium,2-3 hours,Weekdays 10 AM-1 PM,Official page verifies the operating cafe; dining and work-cafe coverage report Wi-Fi and suitability for working.,High,https://www.nappadori.com/pages/cafe-dori,https://lbb.in/delhi/stop-what-youre-doing-47bc39/,2026-08-12
The Palette,Dhan Mill / Chhatarpur,New Delhi,"417, 100 Feet Road, near Dhan Mill Compound, Chhatarpur, New Delhi",1400,7,Lotus Biscoff cheesecake; pasta,Go primarily for the art-café experience; food is decent but reviews are less consistent than the ambience.,Yes,6,Moderate,Limited,Creative sessions; dates,Medium,1-3 hours,Weekdays 11 AM-2 PM,"High-speed Wi-Fi is reported directly, while the art-led format can add distraction; price and location are current listings.",High,https://www.zomato.com/ncr/the-palette-chhatarpur-new-delhi,https://lbb.in/delhi/free-wifi-cafes-delhi-ncr/,2026-08-12
The Grammar Room,Mehrauli,New Delhi,"6-8, Kalka Das Marg, Ambawatta One Complex, Mehrauli, New Delhi 110030",2600,9,Mushroom Melt; French toast,Polished all-day brunch with strong savoury plates and desserts; premium but among the best food options listed.,Yes,7,Quiet,Limited,Client meetings; creative work,Medium,1-2 hours,Weekdays 8:30-11 AM,"Strong Wi-Fi and quiet setting are reported, but premium pricing and limited outlet evidence reduce the long-session recommendation.",High,https://www.zomato.com/ncr/the-grammar-room-mehrauli-new-delhi,https://seamlesssocials.in/blogs/food-cafe-experiences/best-cafes-in-delhi-for-work-chill-the-2026-guide-to-productivity-vibes,2026-08-12
Starbucks Coffee - Defence Colony,Defence Colony,New Delhi,"D-27, Ground Floor, Defence Colony, New Delhi 110024",900,7,Java Chip Frappuccino; tandoori paneer sandwich,Consistent drinks and convenient packaged café food; functional rather than destination dining.,Yes,8,Lively,Some,Calls; meetings; general work,High,2-4 hours,Weekdays 8-11 AM,"Current listing verifies branch and price; Starbucks' free Wi-Fi and long-stay work culture are well established, but this outlet can be busy.",Medium,https://www.zomato.com/ncr/starbucks-coffee-defence-colony-new-delhi,https://about.starbucks.com/history/welcome-wi-fi/,2026-08-12
Blue Tokai Coffee Roasters - Defence Colony,Defence Colony,New Delhi,"A-57 to A-59, DDA Shopping Complex, Defence Colony, New Delhi 110024",900,8,Spicy mushroom sourdough sandwich; pistachio-raspberry croissant,"Specialty coffee remains the anchor, supported by a stronger-than-average bakery and sandwich menu.",Yes,8,Moderate,Some,Focused work; coffee meetings,High,2-4 hours,Weekdays 7-11 AM,Official outlet page confirms Wi-Fi and a good work vibe; socket quantity is a conservative branch-level judgment.,High,https://stores.bluetokaicoffee.com/blue-tokai-coffee-roasters-defence-colony-delhi-cafe-defence-colony-new-delhi-436739/Home,https://seamlesssocials.in/blogs/food-cafe-experiences/best-cafes-in-delhi-for-work-chill-the-2026-guide-to-productivity-vibes,2026-08-12
Spaced Out Cafe,Shahpur Jat,New Delhi,"4A, 2nd Floor, Dada Jungi Road, Shahpur Jat, New Delhi 110049",1200,8,Mushroom-ricotta pizza; assorted vegetable sandwich,"Dependable work-café comfort food with good pizza, sandwiches and shakes; menu is straightforward.",Yes,8,Moderate to lively,Plenty,Coworking; solo work,High,3-5 hours,Weekdays 10 AM-1 PM,"A current work-cafe listing confirms high-speed internet, charging and workspace use; user reviews note louder music at times.",High,https://myhq.in/flexi/coworking-space/spaced-out-cafe-shahpurjat,https://www.zomato.com/ncr/spaced-out-cafe-2-shahpur-jat-new-delhi,2026-08-12
Chaayos - IIT Delhi,Hauz Khas,New Delhi,"Shop 2, Ground Floor, IIT Delhi, Hauz Khas, New Delhi 110016",800,7,Desi chai with bun maska; vada pav,Best for Indian tea-time snacks and value combos; heavier meals are not its main strength.,Yes,7,Moderate,Some,Budget work; study,Medium,2-3 hours,Weekdays 8-11 AM,"Current listing reports good Wi-Fi; chain work friendliness is outlet-dependent, so duration and socket judgments are conservative.",Medium,https://www.zomato.com/ncr/chaayos-chai-snacks-relax-1-hauz-khas-new-delhi,https://chaayos.com/pages/iitdelhi,2026-08-12
Another Fine Day,Sector 43 / Golf Course Road,Gurugram,"Ground Floor, MPD Towers, Golf Course Road, Sector 43, Gurugram 122002",1200,9,Eggs Benedict; pancake stack,A dependable all-day breakfast and Mediterranean café menu with especially strong brunch plates.,Yes,7,Quiet,Some,Solo work; breakfast meetings,High,2-3 hours,Weekdays 10 AM-1 PM,Current listing reports free Wi-Fi and a cozy setup; official site verifies the branch and hours.,High,https://www.zomato.com/ncr/another-fine-day-golf-course-road,https://www.anotherfineday.net/,2026-08-12
Di Ghent Cafe,DLF Phase 4,Gurugram,"207-208A, Level 2, Cross Point Mall, DLF Phase IV, Gurugram 122009",2000,9,Lamb lasagna; Eggs Benedict,"A long-running European breakfast favourite with strong bakery, egg and slow-cooked dishes.",Yes,7,Moderate,Limited,Breakfast meetings; light work,Medium,2-3 hours,Weekdays 8-11 AM,"Official site verifies the current outlet; work-cafe guides and listings report Wi-Fi, but sockets are not widely documented.",High,https://www.dighent.com/,https://www.zomato.com/ncr/di-ghent-cafe-dlf-phase-4-gurgaon,2026-08-12
Madison & Pike,Sector 50 / Nirvana Country,Gurugram,"Nirvana Courtyard Market, Sector 50, Gurugram 122018",1200,8,Eggs Benedict; blueberry cheesecake,"Breakfast and baked desserts are the strengths, though some recent reviews flag uneven consistency.",Yes,7,Quiet,Limited,Reading; brunch work,Medium,2-3 hours,Weekdays 8:30-11:30 AM,"Work-cafe guide recommends it for working over breakfast; current listings verify branch and price, while sockets remain uncertain.",Medium,https://www.zomato.com/ncr/madison-pike-sector-50,https://lbb.in/delhi/free-wifi-cafes-delhi-ncr/,2026-08-12
Blue Tokai Coffee Roasters - Galleria Market,DLF Phase 4,Gurugram,"R-1, 2nd Floor, Galleria Market, DLF Phase IV, Gurugram 122002",900,8,Spicy mushroom sourdough sandwich; pistachio-raspberry croissant,"Specialty coffee remains the anchor, supported by a stronger-than-average bakery and sandwich menu.",Yes,7,Moderate,Plenty,Focused work; reading,High,2-4 hours,Weekdays 8:30 AM-12 PM,Official listing confirms the branch; reviews report free but sometimes slow Wi-Fi and wall charging points.,High,https://stores.bluetokaicoffee.com/blue-tokai-coffee-roasters-galleria-market-cafe-dlf-gurugram-436747/Home,https://www.tripadvisor.com/Restaurant_Review-g297615-d13326194-Reviews-Blue_Tokai_Coffee_Roasters-Gurugram_Gurgaon_Gurgaon_District_Haryana.html,2026-08-12
Third Wave Coffee - Galleria Market,DLF Phase 4,Gurugram,"SF-53/54, First Floor, Galleria Market, Sector 28, DLF Phase IV, Gurugram 122009",850,7,Sea Salt Mocha; butter croissant,Reliable coffee and bakery pairings; choose it for beverages and light bites rather than a full meal.,Yes,8,Moderate,Some,Focused work; meetings,High,2-4 hours,Weekdays 8-11 AM,"Official page verifies the outlet; chain-level evidence supports Wi-Fi, laptop tolerance and charging points.",High,https://stores.thirdwavecoffeeroasters.com/store-pages/third-wave-coffee-galleria-market-gurugram/,https://lbb.in/delhi/free-wifi-cafes-delhi-ncr/,2026-08-12
Getafix - Cross Point Mall,DLF Phase 4,Gurugram,"Shop 14-15, Ground Floor, Cross Point Mall, DLF Phase IV, Gurugram 122009",1400,9,Soba noodles; sugarless brownie,"One of the strongest healthy-food menus here, with good vegan and gluten-conscious options.",Yes,8,Quiet,Some,Healthy work lunch; focused work,High,2-4 hours,Weekdays 9 AM-12 PM,Current listings verify the branch and price; free Wi-Fi and work use are reported by cafe and work-cafe sources.,High,https://www.swiggy.com/restaurants/gurgaon/dlf-phase-4/getafix-35603/dineout,https://lbb.in/delhi/free-wifi-cafes-delhi-ncr/,2026-08-12
Sandhouse Cafe,32nd Avenue / Sector 15,Gurugram,"Unit 11, Ground Floor, 32nd Avenue, Sector 15, Gurugram 122001",1200,8,Garden pizza; Nutty Caramel shake,Casual comfort food and shakes are the sweet spot; pizzas and sandwiches are safer than elaborate mains.,Yes,7,Quiet,Some,Light work; relaxed meetings,Medium,2-3 hours,Weekdays 11 AM-2 PM,Current listing identifies Wi-Fi and a less-noisy setting; work guide says indoor seats have the best Wi-Fi.,High,https://www.zomato.com/ncr/sandhouse-caf-sector-15,https://lbb.in/delhi/free-wifi-cafes-delhi-ncr/,2026-08-12
Blue Tokai Coffee Roasters - Sector 50,Sector 50,Noida,"B1/49, Central Market, next to Lenskart, Sector 50, Noida 201304",900,8,Spicy mushroom sourdough sandwich; pistachio-raspberry croissant,"Specialty coffee remains the anchor, supported by a stronger-than-average bakery and sandwich menu.",Yes,8,Moderate,Some,Focused work; study,High,2-4 hours,Weekdays 7-11 AM,"Official page verifies branch, hours and suitability for study/meetings; chain-level evidence supports Wi-Fi and laptop use.",High,https://stores.bluetokaicoffee.com/blue-tokai-coffee-roasters-sector-50-noida-cafe-sector-50-noida-436774/Home,https://seamlesssocials.in/blogs/food-cafe-experiences/best-cafes-in-delhi-for-work-chill-the-2026-guide-to-productivity-vibes,2026-08-12
Third Wave Coffee - Spectrum Mall,Sector 75,Noida,"Units 9A, 9C & 9D, Ground Floor, Spectrum Mall, Sector 75, Noida 201301",850,7,Sea Salt Mocha; butter croissant,Reliable coffee and bakery pairings; choose it for beverages and light bites rather than a full meal.,Yes,7,Lively,Some,General work; casual meetings,Medium,2-3 hours,Weekdays 9-11:30 AM,Official page verifies the outlet; chain-level Wi-Fi and charging evidence is applied conservatively because mall footfall raises noise.,Medium,https://stores.thirdwavecoffeeroasters.com/store-pages/third-wave-coffee-spectrum-mall-noida/,https://lbb.in/delhi/free-wifi-cafes-delhi-ncr/,2026-08-12
Getafix - Sector 110,Sector 110,Noida,"Ground Floor, Lotus Panache, Sector 110, Noida 201304",1500,9,Soba noodles; sugarless brownie,"One of the strongest healthy-food menus here, with good vegan and gluten-conscious options.",Yes,8,Quiet,Some,Healthy brunch; focused work,High,2-4 hours,Weekdays 9 AM-12 PM,Current listing reports good Wi-Fi and verifies branch and price; the brand also promotes complimentary high-speed Wi-Fi.,High,https://www.zomato.com/ncr/getafix-sector-110-noida,https://www.facebook.com/getafix.cafe/posts/spruce-up-your-work-view-with-a-side-of-refreshing-healthy-decadencecome-over-fo/3208468882814991/,2026-08-12
Roastery Coffee House,Sector 144,Noida,"BL004, Roastery Street, near Oxygen Business Park, Sector 144, Noida 201306",1600,9,Roastery Special zucchini fries; guava cold brew,"Broad, crowd-pleasing café menu with excellent coffee, snacks and desserts; consistently popular for full meals.",Yes,8,Moderate,Some,Long work sessions; meetings,High,3-4 hours,Weekdays 9 AM-12 PM,"Official site verifies the branch; current dining listings explicitly identify Wi-Fi, less noise and work friendliness.",High,https://roasterycoffee.co.in/noida2/,https://www.zomato.com/ncr/roastery-coffee-house-sector-144-noida,2026-08-12
Third Wave Coffee - Advant Navis Business Park,Sector 142,Noida,"Ground Floor, Tower C Lobby, Advant Navis Business Park, Noida Expressway, Sector 142, Noida 201305",850,7,Sea Salt Mocha; butter croissant,Reliable coffee and bakery pairings; choose it for beverages and light bites rather than a full meal.,Yes,9,Moderate,Plenty,Deep work; office meetings,High,3-5 hours,Weekdays 9 AM-1 PM,Official page verifies the business-park outlet; chain-level work infrastructure plus the office setting support the high work score.,Medium,https://stores.thirdwavecoffeeroasters.com/store-pages/third-wave-coffee-advant-navis-business-park-noida/,https://seamlesssocials.in/blogs/food-cafe-experiences/best-cafes-in-delhi-for-work-chill-the-2026-guide-to-productivity-vibes,2026-08-12
